<?xml version="1.0" encoding="UTF-8"?>
<config xmlns="http://www.knime.org/2008/09/XMLConfig" xmlns:xsi="http://www.w3.org/2001/XMLSchema-instance" xsi:schemaLocation="http://www.knime.org/2008/09/XMLConfig http://www.knime.org/XMLConfig_2008_09.xsd" key="model.xml">
    <entry key="version" type="xint" value="1"/>
    <entry key="class_name" type="xstring" value="org.knime.base.data.normalize.NormalizerPortObject"/>
    <config key="model">
        <config key="columns">
            <config key="Principal">
                <entry key="column_name" type="xstring" value="Principal"/>
                <entry key="column_scale" type="xdouble" value="0.0014285714285714286"/>
                <entry key="column_translate" type="xdouble" value="-0.42857142857142855"/>
                <entry key="column_min" type="xdouble" value="0.0"/>
                <entry key="column_max" type="xdouble" value="1.0"/>
            </config>
            <config key="terms">
                <entry key="column_name" type="xstring" value="terms"/>
                <entry key="column_scale" type="xdouble" value="0.043478260869565216"/>
                <entry key="column_translate" type="xdouble" value="-0.30434782608695654"/>
                <entry key="column_min" type="xdouble" value="0.0"/>
                <entry key="column_max" type="xdouble" value="1.0"/>
            </config>
            <config key="past_due_days">
                <entry key="column_name" type="xstring" value="past_due_days"/>
                <entry key="column_scale" type="xdouble" value="0.01818181818181818"/>
                <entry key="column_translate" type="xdouble" value="-0.01818181818181818"/>
                <entry key="column_min" type="xdouble" value="0.0"/>
                <entry key="column_max" type="xdouble" value="1.0"/>
            </config>
            <config key="age">
                <entry key="column_name" type="xstring" value="age"/>
                <entry key="column_scale" type="xdouble" value="0.03125"/>
                <entry key="column_translate" type="xdouble" value="-0.59375"/>
                <entry key="column_min" type="xdouble" value="0.0"/>
                <entry key="column_max" type="xdouble" value="1.0"/>
            </config>
            <config key="date&amp;time diff">
                <entry key="column_name" type="xstring" value="date&amp;time diff"/>
                <entry key="column_scale" type="xdouble" value="0.012345679012345678"/>
                <entry key="column_translate" type="xdouble" value="0.0"/>
                <entry key="column_min" type="xdouble" value="0.0"/>
                <entry key="column_max" type="xdouble" value="1.0"/>
            </config>
            <config key="norm_odeme">
                <entry key="column_name" type="xstring" value="norm_odeme"/>
                <entry key="column_scale" type="xdouble" value="0.21428571428571427"/>
                <entry key="column_translate" type="xdouble" value="0.0"/>
                <entry key="column_min" type="xdouble" value="0.0"/>
                <entry key="column_max" type="xdouble" value="1.0"/>
            </config>
        </config>
        <entry key="summary" type="xstring" value="Min/Max (0.0, 1) normalization on 6 column(s)"/>
    </config>
</config>
